2016-Blockzilla,Website
0,9384.com
36,allrecipes.com
18,9gag.com
1,1337x.to
3,360.cn
4,58.com
6,animeflv.net
30,ahram.org.eg
1,ameblo.jp
6,allegro.pl
4,babyschool.com.cn
16,bolasport.com
0,archive.org
1,chinanetrank.com
2,bongacams.com
2,chaturbate.com
5,as.com
1,discord.com
2,coinmarketcap.com
0,deepl.com
12,codepen.io
34,crowdworks.jp
1,codelist.cc
1,crypto.com
9,depositphotos.com
1,duckduckgo.com
1,dnevnik.ru
4,eksisozluk.com
4,divar.ir
0,elementor.com
1,disqus.com
8,elpais.com
1,discordapp.com
1,evernote.com
8,ftx.com
10,fc2.com
3,freshdesk.com
3,go.com
7,genius.com
6,fril.jp
4,getadblock.com
4,heavy.com
3,gogoanime.cm
0,ionos.com
4,info.com
11,hootsuite.com
19,kakaku.com
26,jawapos.com
1,iqbroker.com
5,imgur.com
7,monday.com
2,namnak.com
3,liansuo.com
0,lenta.ru
2,medium.com
1,mailchimp.com
4,metamask.io
1,mail.ru
1,leetcode.com
6,nypost.com
1,padlet.com
3,nextdoor.com
13,olx.in
2,ok.ru
8,patch.com
9,pixabay.com
2,renren.com
6,poki.com
1,protonmail.com
16,prnt.sc
3,razorpay.com
6,ria.ru
10,sarkariresult.com
1,shareasale.com
26,seekingalpha.com
1,steamcommunity.com
9,slickdeals.net
1,sourceforge.net
5,slack.com
2,stackexchange.com
1,sportbible.com
3,spankbang.com
14,squareup.com
3,stackoverflow.com
6,squarespace.com
3,soundcloud.com
3,smallpdf.com
1,stockx.com
1,stripchat.com
2,t.me
10,teachable.com
1,t.co
4,themeforest.net
2,taleo.net
1,telegram.org
20,techcrunch.com
10,torob.com
3,vk.com
1,trello.com
1,unsplash.com
11,vimeo.com
3,u.gg
1,thepiratebay.org
3,trustwallet.com
0,visitbeijing.com.cn
7,wordpress.org
4,wordpress.com
39,163.com
39,vnexpress.net
8,360doc.com
1,w3school.com.cn
4,17ok.com
1,web.de
1,258.com
1,360.com
3,addthis.com
2,51sole.com
7,accuweather.com
7,academia.edu
20,51yes.com
5,52pk.com
3,51.la
3,6.cn
1,alibaba.com
6,adobe.com
5,aliexpress.com
20,albawabhnews.com
15,airbnb.com
2,agoda.com
1,alipay.com
9,adp.com
1,alimama.com
3,amazon.com.br
3,amazon.com
3,amazon.ca
6,aliyun.com
1,amazon.com.au
3,amazon.co.uk
3,amazon.de
3,amazon.co.jp
4,alodokter.com
3,amazon.es
3,amazon.it
3,amazon.in
1,americanexpress.com
31,aol.com
3,amazon.fr
4,android.com
12,aparat.com
13,avito.ru
81,babytree.com
6,atlassian.com
4,apple.com
13,att.com
2,asriran.com
3,asos.com
1,bet365.com
2,bet9ja.com
35,bbc.co.uk
13,bbc.com
8,bedbathandbeyond.com
3,bankofamerica.com
1,baidu.com
16,bhaskar.com
3,bestbuy.com
35,bloomberg.com
4,biblegateway.com
4,biobiochile.cl
1,bilibili.com
3,blackboard.com
2,bluehost.com
2,bhphotovideo.com
1,bing.com
12,businessinsider.com
5,breitbart.com
10,booking.com
14,bukalapak.com
1,ca.gov
1,canada.ca
10,cbssports.com
7,cambridge.org
15,chase.com
4,capitalone.com
2,canva.com
1,clickbank.com
6,chegg.com
1,clickfunnels.com
16,chouftv.ma
1,cj.com
7,chess.com
8,chron.com
1,cnet.com
1,cloudflare.com
20,cnbc.com
8,cnn.com
7,cnbeta.com
1,coupang.com
10,cricbuzz.com
15,coursehero.com
5,cnzz.com
2,cnnic.cn
2,costco.com
4,cnnindonesia.com
1,coinbase.com
9,dailymotion.com
5,csdn.net
4,dangdang.com
15,daum.net
15,cvs.com
5,dcard.tw
27,detik.com
1,dell.com
2,dianping.com
0,dcinside.com
2,digikala.com
6,delta.com
16,deviantart.com
1,delgarm.com
6,dmm.co.jp
7,douban.com
2,dostor.org
2,doordash.com
6,dstv.com
3,dropbox.com
3,donya-e-eqtesad.com
2,docin.com
16,ebay.com
4,ebay-kleinanzeigen.de
7,eatthis.com
6,ebay.de
5,ebay.co.uk
12,ea.com
10,ebay.com.au
1,epicgames.com
1,endclothing.com
0,elbalad.news
1,ecer.com
11,elwatannews.com
3,eee114.com
1,ensonhaber.com
2,ebc.net.tw
2,envato.com
9,espn.com
6,etoro.com
5,expedia.com
3,etsy.com
12,eventbrite.com
1,farfetch.com
0,ettoday.net
1,facebook.com
10,fardanews.com
1,filimo.com
5,fiverr.com
17,flipkart.com
1,fool.com
1,flickr.com
1,fidelity.com
3,fedex.com
14,forbes.com
3,flashscore.com
3,fontawesome.com
2,focus.cn
3,freepik.com
23,geeksforgeeks.org
7,globo.com
3,globalsources.com
3,formula1.com
6,foxnews.com
1,gmx.net
1,gismeteo.ru
4,gap.com
8,freelancer.com
1,google.co.th
6,goodreads.com
3,google.ca
1,godaddy.com
3,google.co.in
3,google.co.uk
1,google.az
1,gome.com.cn
1,google.co.kr
1,google.cn
3,google.co.ve
3,google.co.id
1,google.co.jp
1,google.com.eg
3,google.com
3,google.com.ar
1,google.com.hk
3,google.com.au
3,google.com.mx
1,google.com.sa
3,google.com.tr
3,google.com.sg
3,google.com.ua
3,google.pl
3,google.it
1,gosuslugi.ru
3,google.es
3,google.fr
3,google.gr
1,google.com.tw
3,google.com.vn
3,google.de
1,google.ro
1,google.dz
5,grammarly.com
1,haiwainet.cn
2,gusuwang.com
22,healthline.com
4,hdfcbank.com
1,homedepot.com
7,hotstar.com
12,hostgator.com
8,gsmarena.com
1,haosou.com
15,hao123.com
1,hepsiburada.com
3,hindustantimes.com
8,ign.com
1,hulu.com
18,hp.com
7,ibicn.com
3,icicibank.com
6,idntimes.com
3,instagram.com
5,ilovepdf.com
7,indeed.com
9,in.gr
6,indiatimes.com
1,instructure.com
16,inquirer.net
3,imdb.com
1,iliangcang.com
1,ih5.cn
1,ikea.com
7,iherb.com
4,iqiyi.com
13,investopedia.com
0,it168.com
3,istockphoto.com
21,investing.com
4,intuit.com
10,irs.gov
1,jianshu.com
2,iweihai.cn
5,jotform.com
9,iyiou.com
1,japanpost.jp
2,jd.com
3,kickstarter.com
10,kapanlagi.com
8,kooora.com
17,lazada.sg
3,kdslife.com
22,lazada.co.th
3,kohls.com
1,kumparan.com
51,kompas.com
22,ltn.com.tw
1,linkedin.com
15,livescore.com
1,livejasmin.com
18,lowes.com
4,leboncoin.fr
12,liputan6.com
8,livejournal.com
5,marca.com
10,manoramaonline.com
8,makemytrip.com
3,lyst.com
3,matchesfashion.com
1,meesho.com
1,mercari.com
3,merriam-webster.com
4,mercadolibre.com.ar
0,mathrubhumi.com
1,mehrnews.com
4,mediafire.com
5,mercadolivre.com.br
7,medicalnewstoday.com
4,meituan.com
3,mercadolibre.com.mx
5,metropoles.com
10,mrporter.com
3,messenger.com
7,mheducation.com
2,myntra.com
1,microsoft.com
1,mozilla.org
8,msn.com
3,mit.edu
1,morningpost.com.cn
9,moneycontrol.com
5,namecheap.com
3,netflix.com
46,nba.com
4,naver.com
6,ndtv.com
7,mytheresa.com
4,naukri.com
1,namasha.com
5,nih.gov
2,news18.com
12,nicovideo.jp
3,nfl.com
15,newegg.com
6,nikkei.com
6,npr.org
10,nike.com
10,ouedkniss.com
1,oschina.net
1,oracle.com
24,okezone.com
1,otto.de
4,nytimes.com
5,office.com
12,outbrain.com
1,oeeee.com
3,op.gg
3,orange.fr
1,onlinesbi.com
1,pchome.com.tw
24,parsfootball.com
4,paypal.com
4,patreon.com
6,overstock.com
12,pcbaby.com.cn
0,ozon.ru
10,pikiran-rakyat.com
1,pinterest.com
12,pcmag.com
10,pexels.com
9,people.com.cn
10,pixnet.net
43,proiezionidiborsa.it
3,rakuten.co.jp
1,premierleague.com
26,rakuten.com
0,rambler.ru
2,redbubble.com
5,reddit.com
1,rednet.cn
28,realtor.com
3,redfin.com
10,rottentomatoes.com
1,researchgate.net
11,reuters.com
8,roblox.com
2,riotgames.com
6,rt.com
4,seznam.cz
1,shaparak.ir
3,sciencedirect.com
9,setn.com
7,schwab.com
9,salesforce.com
3,sahibinden.com
3,scribd.com
2,shippingchina.com
7,shein.com
4,shopify.com
6,shutterstock.com
18,sina.com.cn
4,shopstyle.com
5,sindonews.com
3,shopbop.com
10,shutterfly.com
10,slideshare.net
2,speedtest.net
18,sporx.com
14,softonic.com
1,sogou.com
1,sq.cn
2,sonhoo.com
5,southcn.com
1,so.com
21,sohu.com
4,tamin.ir
5,surveymonkey.com
3,t-mobile.com
1,t66y.com
6,ssense.com
11,suara.com
5,taboola.com
3,tejaratnews.com
1,target.com
3,taobao.com
3,telewebion.com
1,thingiverse.com
11,theepochtimes.com
1,tianya.cn
20,ticketmaster.com
17,thesaurus.com
3,tistory.com
16,tribunnews.com
3,topfo.com
2,tradingview.com
2,tudou.com
3,tokopedia.com
18,trendyol.com
1,tripadvisor.com
1,trustpilot.com
1,tiktok.com
11,uol.com.br
4,twitch.tv
4,udemy.com
2,tutorialspoint.com
4,ultimate-guitar.com
1,uidai.gov.in
9,tumblr.com
9,upwork.com
2,uptodown.com
1,turkiye.gov.tr
8,ups.com
3,ubereats.com
8,usps.com
7,usnews.com
9,usatoday.com
3,vidio.com
7,webmd.com
2,washingtonpost.com
5,w3schools.com
3,walmart.com
7,wellsfargo.com
1,wikimedia.org
17,weebly.com
8,walgreens.com
3,vvvdj.com
5,whatsapp.com
3,wetransfer.com
5,weather.com
6,xfinity.com
1,wikipedia.org
2,wix.com
1,wish.com
0,xinhuanet.com
7,wp.pl
2,xabbs.com
24,worldometers.info
1,ximalaya.com
5,wsj.com
1,xvideos.com
1,yoox.com
1,zhanqi.tv
1,yy.com
9,yeniakit.com.tr
1,yahoo.co.jp
1,zara.com
7,youtube.com
14,zhibo8.cc
11,youporn.com#896389
3,yandex.ru
9,yelp.com
3,zendesk.com
10,youm7.com
1,yahoo.com
2,zoho.com
3,zhihu.com
5,zoom.us
1,lenovo.com
3,macys.com
3,zillow.com
4,xhamster.com
19,abs-cbn.com
22,zol.com.cn
1,verizon.com
12,xhamsterlive.com
4,zerodha.com
2,free.fr
