2015-Blockzilla,Website
6,aliexpress.ru
54,allrecipes.com
3,360.cn
10,allegro.pl
12,animeflv.net
10,9gag.com
1,ameblo.jp
23,bolasport.com
40,chouftv.ma
2,chaduo.com
17,bitly.com
7,bongacams.com
2,chaturbate.com
4,babyschool.com.cn
0,archive.org
4,ca.gov
3,as.com
2,cnnic.cn
2,coinmarketcap.com
1,discord.com
17,codepen.io
9,deepl.com
26,crowdworks.jp
0,elementor.com
4,ecer.com
5,evernote.com
1,discordapp.com
1,divar.ir
1,duckduckgo.com
1,epicgames.com
13,eksisozluk.com
6,elpais.com
1,disqus.com
8,fril.jp
3,freshdesk.com
1,freecodecamp.org
10,filimo.com
8,genius.com
6,fc2.com
1,github.com
6,getadblock.com
2,go.com
10,ionos.com
2,home77.com
6,heavy.com
1,info.com
1,ih5.cn
2,instagram.com
9,hootsuite.com
9,kakaku.com
1,haosou.com
12,huim.com
1,mailchimp.com
1,namnak.com
9,monday.com
0,mail.ru
1,messenger.com
0,lenta.ru
2,medium.com
2,leetcode.com
1,mercari.com
5,lenovo.com
0,note.com
8,okezone.com
2,ok.ru
4,nextdoor.com
18,olx.in
14,nypost.com
1,pixabay.com
9,panda.tv
7,patch.com
1,padlet.com
4,prnt.sc
1,razorpay.com
3,quizlet.com
1,poki.com
6,ria.ru
2,renren.com
1,roozaneh.net
29,samsung.com
11,seekingalpha.com
1,shein.com
1,shaparak.ir
1,shareasale.com
3,rt.com
12,rutracker.org
1,smallpdf.com
5,sourceforge.net
1,soso.com
1,steamcommunity.com
15,squareup.com
2,spankbang.com
4,stackoverflow.com
1,shopee.vn
3,slack.com
4,stackexchange.com
6,soundcloud.com
1,telegram.org
1,t.me
0,taleo.net
10,teachable.com
1,stripchat.com
19,techcrunch.com
4,stockx.com
1,t.co
1,u.gg
3,trustwallet.com
1,uidai.gov.in
7,tribunnews.com
1,unsplash.com
5,verizon.com
7,twitter.com
1,trello.com
10,upwork.com
12,vimeo.com
4,vk.com
1,torob.com
8,ubereats.com
11,themeforest.net
1,web.de
13,vnexpress.net
1,258.com
4,wordpress.org
4,360doc.com
1,360.com
4,17ok.com
1,1337x.to
2,weibo.com
5,wordpress.com
0,163.com
13,abs-cbn.com
18,51yes.com
8,academia.edu
5,52pk.com
3,addthis.com
3,51.la
3,58.com
1,9384.com
3,6.cn
6,accuweather.com
1,51sole.com
20,ahram.org.eg
2,albawabhnews.com
10,airbnb.com
2,aliexpress.com
2,alipay.com
7,agoda.com
7,adp.com
1,alibaba.com
1,alimama.com
3,adobe.com
3,amazon.co.uk
1,amazon.com.br
6,aliyun.com
3,alodokter.com
3,amazon.de
3,amazon.ca
3,amazon.co.jp
1,amazon.com.au
2,amazon.es
3,android.com
23,aol.com
3,amazon.it
1,americanexpress.com
9,asus.com
17,ask.com
2,asriran.com
7,avito.ru
9,att.com
78,babytree.com
1,asos.com
7,aparat.com
5,atlassian.com
3,bankofamerica.com
22,bedbathandbeyond.com
4,bestbuy.com
13,bbc.com
14,bhaskar.com
1,baidu.com
33,bbc.co.uk
5,blackboard.com
6,biobiochile.cl
1,bilibili.com
4,biblegateway.com
4,bing.com
0,bloomberg.com
4,bhphotovideo.com
10,breitbart.com
11,bukalapak.com
19,booking.com
0,businessinsider.com
2,bluehost.com
4,capitalone.com
13,cbssports.com
6,canva.com
10,cambridge.org
1,canada.ca
11,chase.com
4,chegg.com
8,clickbank.com
7,chess.com
14,chron.com
2,cj.com
1,clickfunnels.com
2,cloudflare.com
2,cnblogs.com
25,cnbc.com
10,cnbeta.com
1,costco.com
1,cnnindonesia.com
2,cnzz.com
6,coursehero.com
17,cricbuzz.com
1,coinbase.com
26,crunchyroll.com
1,coupang.com
1,crypto.com
1,dailymotion.com
0,dcinside.com
66,dangdang.com
17,daum.net
14,cvs.com
4,dcard.tw
5,csdn.net
36,detik.com
7,deviantart.com
6,dell.com
3,delta.com
1,delgarm.com
2,dianping.com
2,digikala.com
8,douban.com
20,dostor.org
6,doordash.com
3,donya-e-eqtesad.com
2,docin.com
6,dmm.co.jp
6,dstv.com
2,ebc.net.tw
9,ebay.co.uk
4,ebay.com.au
4,ebay-kleinanzeigen.de
5,eatthis.com
6,ebay.de
17,ea.com
3,eee114.com
11,endclothing.com
2,envato.com
1,ensonhaber.com
13,espncricinfo.com
39,elwatannews.com
12,ettoday.net
1,farfetch.com
1,facebook.com
1,fardanews.com
3,etsy.com
18,eventbrite.com
13,expedia.com
26,etoro.com
6,fiverr.com
1,flickr.com
2,focus.cn
9,fool.com
28,forbes.com
1,fidelity.com
3,fontawesome.com
27,flipkart.com
4,fedex.com
4,flashscore.com
26,godaddy.com
4,globo.com
1,freepik.com
4,globalsources.com
1,glassdoor.com
1,gmx.net
3,formula1.com
6,gismeteo.ru
9,freelancer.com
6,foxnews.com
50,geeksforgeeks.org
1,gap.com
1,gome.com.cn
3,google.co.kr
3,google.co.id
3,google.co.th
1,google.cn
11,goodreads.com
1,google.az
3,google.co.uk
3,google.ca
3,google.co.jp
1,google.co.ve
3,google.com.eg
1,google.com.sa
3,google.com.sg
3,google.com.au
2,google.com.tw
3,google.com.br
3,google.com
3,google.com.ar
3,google.com.tr
3,google.com.mx
3,google.com.ua
3,google.com.vn
3,google.it
3,google.es
1,google.dz
3,google.gr
3,google.ro
20,grammarly.com
1,gosuslugi.ru
3,google.de
3,google.pl
3,google.fr
3,google.ru
3,hdfcbank.com
1,haiwainet.cn
10,hao123.com
10,hindustantimes.com
3,gusuwang.com
3,hotstar.com
12,hostgator.com
1,homedepot.com
6,healthline.com
1,hepsiburada.com
2,gsmarena.com
16,ign.com
7,house365.com
3,ibicn.com
5,icicibank.com
1,hulu.com
5,hp.com
1,huanqiu.com
1,ikea.com
14,in.gr
4,iherb.com
5,intuit.com
8,indeed.com
1,imdb.com
2,iliangcang.com
6,indiamart.com
0,inquirer.net
9,indiatimes.com
14,instructure.com
3,istockphoto.com
1,iqbroker.com
16,investing.com
1,irctc.co.in
12,irs.gov
19,investopedia.com
4,iqiyi.com
2,iweihai.cn
1,jiameng.com
2,jianshu.com
1,iyiou.com
1,japanpost.jp
3,jotform.com
0,it168.com
26,jawapos.com
4,kickstarter.com
12,lazada.co.th
7,kapanlagi.com
1,kakao.com
13,kohls.com
9,kdslife.com
6,kooora.com
0,kompas.com
3,liansuo.com
5,linkedin.com
3,livejournal.com
1,livejasmin.com
1,leboncoin.fr
6,lazada.sg
26,livescore.com
13,lowes.com
5,ltn.com.tw
14,liputan6.com
0,marca.com
5,matchesfashion.com
6,lyst.com
1,manoramaonline.com
4,makemytrip.com
3,mediafire.com
5,mercadolivre.com.br
1,medicalnewstoday.com
1,mehrnews.com
2,meituan.com
4,mercadolibre.com.ar
11,merriam-webster.com
3,mercadolibre.com.mx
14,mathrubhumi.com
1,metropoles.com
3,myntra.com
9,msn.com
3,mit.edu
6,mytheresa.com
3,morningpost.com.cn
12,mrporter.com
3,mheducation.com
9,moneycontrol.com
5,naver.com
3,naukri.com
8,ndtv.com
78,nba.com
1,netflix.com
5,namecheap.com
13,n11.com
1,namasha.com
9,noon.com
6,nicovideo.jp
9,nih.gov
1,news18.com
10,nike.com
3,nikkei.com
3,nfl.com
20,newegg.com
3,npr.org
6,oeeee.com
12,outbrain.com
1,onlinesbi.com
3,ouedkniss.com
5,office.com
2,op.gg
10,nytimes.com
1,otto.de
3,orange.fr
10,okta.com
1,oschina.net
4,parsfootball.com
6,patreon.com
15,overstock.com
3,ozon.ru
3,paypal.com
1,pcbaby.com.cn
1,pchome.com.tw
7,pcmag.com
11,pexels.com
0,people.com.cn
18,pikiran-rakyat.com
9,pixnet.net
7,pinterest.com
1,protonmail.com
1,qoo10.sg
4,rakuten.co.jp
34,proiezionidiborsa.it
29,rakuten.com
29,qq.com
7,redfin.com
2,reddit.com
2,redbubble.com
4,rednet.cn
0,rambler.ru
6,realtor.com
22,rottentomatoes.com
2,riotgames.com
10,reuters.com
9,roblox.com
1,researchgate.net
5,seznam.cz
7,schwab.com
4,sciencedirect.com
11,scribd.com
8,setn.com
3,salesforce.com
19,sarkariresult.com
1,runoob.com
1,sindonews.com
2,shippingchina.com
6,slideshare.net
5,shopbop.com
52,shopstyle.com
4,shopify.com
3,shutterstock.com
1,sogou.com
11,softonic.com
2,sonhoo.com
1,so.com
1,sq.cn
3,speedtest.net
6,southcn.com
11,squarespace.com
10,sohu.com
5,tamin.ir
9,t-mobile.com
7,surveymonkey.com
1,t66y.com
6,ssense.com
4,taboola.com
4,suara.com
1,tianya.cn
14,theepochtimes.com
15,ticketmaster.com
1,target.com
1,thingiverse.com
3,tejaratnews.com
13,thesaurus.com
7,thepiratebay.org
3,taobao.com
19,telewebion.com
11,trendyol.com
3,tradingview.com
4,tokopedia.com
2,tudou.com
2,topfo.com
1,tinder.com
3,tistory.com
1,tmall.com
1,tripadvisor.com
1,trustpilot.com
7,uptodown.com
2,tutorialspoint.com
1,udemy.com
4,ultimate-guitar.com
1,ups.com
10,tumblr.com
8,twitch.tv
1,turkiye.gov.tr
0,udn.com
2,uol.com.br
1,vidio.com
3,visitbeijing.com.cn
10,vvvdj.com
8,usps.com
7,usnews.com
8,usatoday.com
14,walgreens.com
3,wellsfargo.com
1,w3school.com.cn
16,weebly.com
8,walmart.com
1,wikimedia.org
6,whatsapp.com
4,wetransfer.com
2,weather.com
11,washingtonpost.com
12,webmd.com
5,wish.com
5,xfinity.com
7,wp.pl
40,worldometers.info
1,wikipedia.org
1,xabbs.com
3,xnxx.com
14,wix.com
19,wsj.com
1,xvideos.com
0,xinhuanet.com
3,yeniakit.com.tr
1,zara.com
1,zhanqi.tv
4,zendesk.com
15,youporn.com
8,yelp.com
1,yahoo.com
3,yandex.ru
8,yoox.com
3,youm7.com
2,xhamster.com
4,sporx.com
3,zhihu.com
3,zoho.com
2,zerodha.com
2,zoom.us
3,zol.com.cn
7,zillow.com
13,zhibo8.cc
4,free.fr
3,macys.com
